<?xml version="1.0" ?>
<root>
	<info student='std #1'>
		<name >Jack</name>
		<class >
			<std >Fifth</std>
			<sec >B</sec>
		</class>
		<school >Delhi Public School</school>
	</info>
	<info student='std #2'>
		<name >John</name>
		<class >
			<std >Fifth</std>
			<sec >B</sec>
		</class>
		<school >Delhi Public School</school>
	</info>
	<info student='std #3'>
		<name >Tom</name>
		<class >
			<std >Fifth</std>
			<sec >B</sec>
		</class>
		<school >Delhi Public School</school>
	</info>
	<info student='std #4'>
		<name>Mike</name>
		<class>
			<std >Fifth</std>
			<sec >B</sec>
		</class>
		<school >Delhi Public School</school>
	</info>
</root>
